Stage,Cases,Baseline_Accuracy,LLM_Accuracy,Improvement
No_Malaria,455,100.0,77.36263736263737,-22.637362637362628
Stage_I,1089,1.8365472910927456,98.89807162534436,97.06152433425162
Stage_II,118,16.94915254237288,15.254237288135593,-1.6949152542372854
Critical,20,100.0,100.0,0.0
